-- CRM "Manera" - Seed Data for Testing
-- Created: 2024-11-21

-- ============================================
-- SEED USERS (Password: manera2024)
-- ============================================

INSERT INTO users (id, email, password_hash, role, full_name, phone, is_active) VALUES
  ('00000000-0000-0000-0000-000000000001', 'owner@manera.ru', '$2a$10$placeholder', 'owner', 'Елена Волкова', '+7 (999) 123-45-67', true),
  ('00000000-0000-0000-0000-000000000002', 'admin@manera.ru', '$2a$10$placeholder', 'admin', 'Ольга Смирнова', '+7 (999) 234-56-78', true),
  ('00000000-0000-0000-0000-000000000003', 'teacher1@manera.ru', '$2a$10$placeholder', 'teacher', 'Анна Петрова', '+7 (999) 345-67-89', true),
  ('00000000-0000-0000-0000-000000000004', 'teacher2@manera.ru', '$2a$10$placeholder', 'teacher', 'Мария Иванова', '+7 (999) 456-78-90', true),
  ('00000000-0000-0000-0000-000000000005', 'parent1@manera.ru', '$2a$10$placeholder', 'parent', 'Дмитрий Козлов', '+7 (999) 567-89-01', true),
  ('00000000-0000-0000-0000-000000000006', 'parent2@manera.ru', '$2a$10$placeholder', 'parent', 'Светлана Морозова', '+7 (999) 678-90-12', true);

-- ============================================
-- SEED TEACHERS
-- ============================================

INSERT INTO teachers (id, user_id, full_name, phone, email, specialization, bio, hourly_rate, is_active) VALUES
  ('10000000-0000-0000-0000-000000000001', '00000000-0000-0000-0000-000000000003', 'Анна Петрова', '+7 (999) 345-67-89', 'teacher1@manera.ru', 
   ARRAY['Современный танец', 'Контемпорари', 'Импровизация'], 
   'Профессиональный хореограф с 10-летним опытом. Выпускница Академии хореографии.', 
   2500.00, true),
  ('10000000-0000-0000-0000-000000000002', '00000000-0000-0000-0000-000000000004', 'Мария Иванова', '+7 (999) 456-78-90', 'teacher2@manera.ru', 
   ARRAY['Современный танец', 'Джаз-фанк', 'Стретчинг'], 
   'Мастер спорта по художественной гимнастике. Преподаёт современный танец 8 лет.', 
   2200.00, true);

-- ============================================
-- SEED PARENTS
-- ============================================

INSERT INTO parents (id, user_id, full_name, phone, email, address) VALUES
  ('20000000-0000-0000-0000-000000000001', '00000000-0000-0000-0000-000000000005', 'Дмитрий Козлов', '+7 (999) 567-89-01', 'parent1@manera.ru', 'ул. Пушкина, д. 10, кв. 25'),
  ('20000000-0000-0000-0000-000000000002', '00000000-0000-0000-0000-000000000006', 'Светлана Морозова', '+7 (999) 678-90-12', 'parent2@manera.ru', 'ул. Ленина, д. 5, кв. 12');

-- ============================================
-- SEED STUDENTS
-- ============================================

INSERT INTO students (id, parent_id, full_name, date_of_birth, is_active) VALUES
  ('30000000-0000-0000-0000-000000000001', '20000000-0000-0000-0000-000000000001', 'София Козлова', '2015-05-15', true),
  ('30000000-0000-0000-0000-000000000002', '20000000-0000-0000-0000-000000000001', 'Максим Козлов', '2017-08-22', true),
  ('30000000-0000-0000-0000-000000000003', '20000000-0000-0000-0000-000000000002', 'Алиса Морозова', '2014-12-10', true),
  ('30000000-0000-0000-0000-000000000004', '20000000-0000-0000-0000-000000000002', 'Артём Морозов', '2016-03-25', true);

-- ============================================
-- SEED GROUPS
-- ============================================

INSERT INTO groups (id, name, description, teacher_id, level, color, max_students, is_active) VALUES
  ('40000000-0000-0000-0000-000000000001', 'Контемпорари 8-10 лет', 'Группа для детей 8-10 лет, начальный уровень', 
   '10000000-0000-0000-0000-000000000001', 'Начальный', '#133C2A', 12, true),
  ('40000000-0000-0000-0000-000000000002', 'Современный танец 11-13 лет', 'Средний уровень для детей 11-13 лет', 
   '10000000-0000-0000-0000-000000000001', 'Средний', '#D4AF37', 10, true),
  ('40000000-0000-0000-0000-000000000003', 'Джаз-фанк 6-8 лет', 'Группа для самых маленьких', 
   '10000000-0000-0000-0000-000000000002', 'Начальный', '#E8B4F9', 15, true);

-- ============================================
-- SEED GROUP MEMBERS
-- ============================================

INSERT INTO group_members (group_id, student_id) VALUES
  ('40000000-0000-0000-0000-000000000001', '30000000-0000-0000-0000-000000000001'),
  ('40000000-0000-0000-0000-000000000003', '30000000-0000-0000-0000-000000000002'),
  ('40000000-0000-0000-0000-000000000002', '30000000-0000-0000-0000-000000000003'),
  ('40000000-0000-0000-0000-000000000003', '30000000-0000-0000-0000-000000000004');

-- ============================================
-- SEED SCHEDULES
-- ============================================

INSERT INTO schedules (id, group_id, teacher_id, day_of_week, start_time, end_time, room, is_active) VALUES
  ('50000000-0000-0000-0000-000000000001', '40000000-0000-0000-0000-000000000001', '10000000-0000-0000-0000-000000000001', 2, '16:00', '17:30', 'Зал 1', true),
  ('50000000-0000-0000-0000-000000000002', '40000000-0000-0000-0000-000000000001', '10000000-0000-0000-0000-000000000001', 4, '16:00', '17:30', 'Зал 1', true),
  ('50000000-0000-0000-0000-000000000003', '40000000-0000-0000-0000-000000000002', '10000000-0000-0000-0000-000000000001', 3, '17:45', '19:15', 'Зал 2', true),
  ('50000000-0000-0000-0000-000000000004', '40000000-0000-0000-0000-000000000003', '10000000-0000-0000-0000-000000000002', 1, '15:00', '16:00', 'Зал 1', true),
  ('50000000-0000-0000-0000-000000000005', '40000000-0000-0000-0000-000000000003', '10000000-0000-0000-0000-000000000002', 5, '15:00', '16:00', 'Зал 1', true);

-- ============================================
-- SEED PRICING
-- ============================================

INSERT INTO pricing (id, name, description, price, lessons_count, validity_days, is_trial, is_active) VALUES
  ('60000000-0000-0000-0000-000000000001', 'Пробное занятие', 'Одно пробное занятие для новых учеников', 500.00, 1, 7, true, true),
  ('60000000-0000-0000-0000-000000000002', 'Абонемент 4 занятия', 'Абонемент на 4 занятия в месяц', 3200.00, 4, 30, false, true),
  ('60000000-0000-0000-0000-000000000003', 'Абонемент 8 занятий', 'Абонемент на 8 занятий в месяц', 5600.00, 8, 30, false, true),
  ('60000000-0000-0000-0000-000000000004', 'Абонемент 12 занятий', 'Абонемент на 12 занятий в месяц', 7200.00, 12, 30, false, true),
  ('60000000-0000-0000-0000-000000000005', 'Безлимит', 'Безлимитное посещение всех групп', 9000.00, 999, 30, false, true);

-- ============================================
-- SEED SUBSCRIPTIONS
-- ============================================

INSERT INTO subscriptions (id, student_id, pricing_id, group_id, status, lessons_total, lessons_used, start_date, end_date, amount) VALUES
  ('70000000-0000-0000-0000-000000000001', '30000000-0000-0000-0000-000000000001', '60000000-0000-0000-0000-000000000003', '40000000-0000-0000-0000-000000000001', 'active', 8, 3, '2024-11-01', '2024-11-30', 5600.00),
  ('70000000-0000-0000-0000-000000000002', '30000000-0000-0000-0000-000000000002', '60000000-0000-0000-0000-000000000002', '40000000-0000-0000-0000-000000000003', 'active', 4, 1, '2024-11-10', '2024-12-10', 3200.00),
  ('70000000-0000-0000-0000-000000000003', '30000000-0000-0000-0000-000000000003', '60000000-0000-0000-0000-000000000004', '40000000-0000-0000-0000-000000000002', 'active', 12, 5, '2024-11-01', '2024-11-30', 7200.00);

-- ============================================
-- SEED PAYMENTS
-- ============================================

INSERT INTO payments (id, subscription_id, student_id, parent_id, amount, status, payment_method, payment_date) VALUES
  ('80000000-0000-0000-0000-000000000001', '70000000-0000-0000-0000-000000000001', '30000000-0000-0000-0000-000000000001', '20000000-0000-0000-0000-000000000001', 5600.00, 'completed', 'Банковская карта', '2024-11-01 10:30:00'),
  ('80000000-0000-0000-0000-000000000002', '70000000-0000-0000-0000-000000000002', '30000000-0000-0000-0000-000000000002', '20000000-0000-0000-0000-000000000001', 3200.00, 'completed', 'Наличные', '2024-11-10 15:20:00'),
  ('80000000-0000-0000-0000-000000000003', '70000000-0000-0000-0000-000000000003', '30000000-0000-0000-0000-000000000003', '20000000-0000-0000-0000-000000000002', 7200.00, 'completed', 'Банковская карта', '2024-11-01 11:45:00');

-- ============================================
-- SEED ATTENDANCE (Last 2 weeks)
-- ============================================

INSERT INTO attendance (student_id, group_id, schedule_id, lesson_date, present) VALUES
  -- София Козлова (Вторник и Четверг)
  ('30000000-0000-0000-0000-000000000001', '40000000-0000-0000-0000-000000000001', '50000000-0000-0000-0000-000000000001', '2024-11-12', true),
  ('30000000-0000-0000-0000-000000000001', '40000000-0000-0000-0000-000000000001', '50000000-0000-0000-0000-000000000002', '2024-11-14', true),
  ('30000000-0000-0000-0000-000000000001', '40000000-0000-0000-0000-000000000001', '50000000-0000-0000-0000-000000000001', '2024-11-19', true),
  -- Максим Козлов (Понедельник и Пятница)
  ('30000000-0000-0000-0000-000000000002', '40000000-0000-0000-0000-000000000003', '50000000-0000-0000-0000-000000000004', '2024-11-11', true),
  ('30000000-0000-0000-0000-000000000002', '40000000-0000-0000-0000-000000000003', '50000000-0000-0000-0000-000000000005', '2024-11-15', false),
  ('30000000-0000-0000-0000-000000000002', '40000000-0000-0000-0000-000000000003', '50000000-0000-0000-0000-000000000004', '2024-11-18', true);

-- ============================================
-- SEED TASKS
-- ============================================

INSERT INTO tasks (id, title, description, assigned_to, created_by, priority, status, due_date) VALUES
  ('90000000-0000-0000-0000-000000000001', 'Закупить новые коврики', 'Необходимо закупить 15 новых ковриков для зала', '00000000-0000-0000-0000-000000000002', '00000000-0000-0000-0000-000000000001', 'high', 'new', '2024-11-25 18:00:00'),
  ('90000000-0000-0000-0000-000000000002', 'Подготовить годовой отчёт', 'Сформировать финансовый отчёт за 2024 год', '00000000-0000-0000-0000-000000000002', '00000000-0000-0000-0000-000000000001', 'urgent', 'in_progress', '2024-11-30 18:00:00');

-- ============================================
-- SEED EVENTS
-- ============================================

INSERT INTO events (id, title, description, event_date, location, status, max_participants, price, created_by) VALUES
  ('A0000000-0000-0000-0000-000000000001', 'Новогодний концерт 2024', 'Праздничное мероприятие для всех учеников и родителей', '2024-12-28 18:00:00', 'Основной зал студии', 'upcoming', 100, 0, '00000000-0000-0000-0000-000000000001'),
  ('A0000000-0000-0000-0000-000000000002', 'Мастер-класс от приглашённого хореографа', 'Специальный мастер-класс по современному танцу', '2024-12-15 15:00:00', 'Зал 2', 'upcoming', 30, 1500.00, '00000000-0000-0000-0000-000000000002');

-- ============================================
-- SEED MESSAGES
-- ============================================

INSERT INTO messages (id, sender_id, recipient_id, subject, content, is_read) VALUES
  ('B0000000-0000-0000-0000-000000000001', '00000000-0000-0000-0000-000000000002', '00000000-0000-0000-0000-000000000005', 'Напоминание об оплате', 'Здравствуйте! Напоминаем, что абонемент Софии заканчивается 30 ноября.', false),
  ('B0000000-0000-0000-0000-000000000002', '00000000-0000-0000-0000-000000000003', '00000000-0000-0000-0000-000000000005', 'Расписание на следующую неделю', 'Добрый день! Занятия на следующей неделе пройдут в обычное время.', true);

-- ============================================
-- SEED AUTOMATIONS
-- ============================================

INSERT INTO automations (id, name, description, trigger, trigger_days, action_type, message_template, is_active) VALUES
  ('C0000000-0000-0000-0000-000000000001', 'Напоминание об окончании абонемента', 'Отправка уведомления за 3 дня до окончания', 'subscription_expiring', 3, 'email', 
   'Здравствуйте, {{parent_name}}! Абонемент {{student_name}} заканчивается {{end_date}}. Пожалуйста, продлите абонемент.', true),
  ('C0000000-0000-0000-0000-000000000002', 'Поздравление с днём рождения', 'Автоматическое поздравление ученика', 'birthday', 0, 'email', 
   'Поздравляем {{student_name}} с днём рождения! 🎉 Желаем успехов в танцах!', true);

-- ============================================
-- SEED ANALYTICS METRICS (Last 30 days)
-- ============================================

INSERT INTO analytics_metrics (metric_date, total_students, active_students, new_students, churned_students, total_revenue, average_attendance) VALUES
  ('2024-11-01', 45, 42, 3, 0, 185000.00, 92.5),
  ('2024-11-02', 45, 41, 0, 0, 3200.00, 91.1),
  ('2024-11-10', 47, 44, 2, 0, 12800.00, 93.6),
  ('2024-11-15', 47, 45, 0, 0, 5600.00, 95.7),
  ('2024-11-20', 48, 46, 1, 0, 9000.00, 95.8);
